uid,firstname,lastname,age,phonenumber
0x2559a,Naphtali,Abdallah,90,7994181577
0x25676,Gab,Mainini,90,5996594692
0x25761,Basia,Kahana,90,3632342348
0x257f1,Tainn,Caddy,90,5506365591
0x25818,Harmene,Cahalan,90,9397529894
0x2581a,Tancredo,Quiambao,90,4103675787
0x25853,Gardeene,Takach,90,5809999234
0x2586e,Nadia,Eatherly,90,8208873230
0x258f7,Ices,Cacace,90,3681857842
0x259a7,Narayana,Pacocha,90,2815853758
0x259b4,Adahy,Mabrey,90,2908103701
0x259f3,Gardin,Cabral,90,8204128638
0x259f6,Yedidya,Aaron,90,2549448792
0x25a94,Nadda,Baas,90,7025298573
0x25aa6,Idallis,Caldarelli,90,2327234827
0x25ad2,Tanier,Raco,90,3262789831
0x25c7a,Packard,Ulrey,90,5970776956
0x25cbd,Jacobi,Padrick,90,1430488744
0x25d57,Jacobb,Mabin,90,3927587950
0x25d84,Tathal,Baatz,90,6205507281
0x25dca,Tacey,Mainz,90,3180941717
0x25e17,Jabe,Palombi,90,4182577158
0x25e77,Parthenie,Maier,90,3148183905
0x25ef4,Nassir,Quesinberry,90,7753557203
0x25f5d,Ganen,Mabey,90,9194226383
0x25f6e,Taletha,MacEachern,90,1231965348
0x25f80,Bayley,Rabourn,90,1147128175
0x2600e,Gaelan,Bachmann,90,6889096105
0x26047,Gallant,Macik,90,5622627118
0x2607c,Ilanna,Kaechele,90,7006877904
0x2611c,Gaelord,Main,90,6675248482
0x26174,Yarin,Paciorek,90,2180908224
0x26271,TMarius,Maas,90,5006895879
0x26290,Achillea,Sabb,90,5388047108
0x262ed,Halsey,Sabino,90,6340107692
0x26302,Gains,Cali,90,4904741801
0x26367,Hadarah,Caetano,90,7650686758
0x263a5,Taido,Kaefer,90,5031640068
0x263a7,Paddy,Quaranta,90,1436272849
0x263a8,Jahnavi,Quattrone,90,8550247293
0x264c7,Ichabod,Kahre,90,1288479566
0x26507,Nathanael,Cager,90,8746802304
0x2651b,Abegail,Kaczka,90,5547865034
0x26585,Palometa,Mabile,90,7716667166
0x265a3,Idres,Uhler,90,3474605664
0x266a6,Aari,Eastmond,90,7313387868
0x26755,Baylee,Palmersheim,90,9847045279
0x267b1,Abryanna,Taitt,90,6783013812
0x267e8,Gallowai,Caldarone,90,6665596055
0x2686f,Gardiner,Panitz,90,8009737560
0x26873,Abigayle,Racca,90,6715009360
0x26986,Nagesh,Sacchi,90,2923383387
0x269c0,Idys,Tabb,90,6034065901
0x26a44,Patrick,Paganelli,90,3499390527
0x26a7a,Galyne,Kaitz,90,9918657738
0x26b3a,Naina,MacAfee,90,6807733564
0x26c3e,Aban,Babcock,90,4700439080
0x26ccd,Jabbaree,Rabbitt,90,5973538424
0x26d15,Tacincala,Ugalde,90,6276559271
0x26d2e,Yannis,Laack,90,1313335301
0x26d48,Baltazar,Racanelli,90,9311994304
0x26d6f,Nansee,Mackrell,90,2666562470
0x26de1,Taki,Abelson,90,9935796140
0x26ded,Iin,Caiola,90,9849034592
0x26e5f,Basimah,Racey,90,7040666240
0x26f92,Habibah,Mackert,90,3537000402
0x26ffb,Tallie,MacLennan,90,5712719348
0x26ffd,Ilaria,Calabrese,90,9699227229
0x27004,Adalard,Taddonio,90,4987472296
0x27099,Banji,Babineaux,90,8541491465
0x2710d,Bambiah,Saddoris,90,2560656484
0x271e6,Jaeleigh,Palomarez,90,8409342516
0x2723a,Hamad,Kaczor,90,4714694835
0x273e7,Jaciele,Mahlstedt,90,2387875460
0x2747c,Haing,Paetow,90,5734756415
0x274e0,Idalia,Pache,90,7556378757
0x276a0,Ballinamore,Pangallo,90,7768526087
0x2773c,Jaasyn,Call,90,7700074157
0x277e7,Tally,Calise,90,1056211252
0x27906,Gamali,Calder,90,9084662339
0x27973,Tamerius,Califano,90,6247063526
0x2797d,Hallonah,Eary,90,3289028406
0x279bf,Hamadi,MacDiarmid,90,2681844510
0x279e5,Garen,Mahanes,90,6788398242
0x27a0a,Imanual,Paben,90,2234037629
0x27a9a,Pascalle,Kabat,90,4360341437
0x27ace,Nakul,Kaercher,90,9980896454
0x27bad,Jabahri,Ede,90,4788733206
0x27c7f,Ikea,La Viola,90,7099022732
0x27c83,Idallis,La Stella,90,5939664129
0x27dbd,Abriana,Earley,90,7313656067
0x27e5c,Ianthyna,Saccomanno,90,2290695906
0x27edb,Gailord,La Rossa,90,1517724064
0x27f0b,Tallon,Quamme,90,4257783154
0x27f23,Abijah,Quanbeck,90,8035692710
0x2806c,Narelle,Maag,90,1468344161
0x280bc,Iane,Uhrin,90,3242602742
0x28103,Idaia,Padon,90,2776741519
0x281d7,Baldwin,Macie,90,9200877109
0x2821d,Ignacio,Quickel,90,5814860955
0x28231,Ignado,Bachicha,90,1875871234
0x2825a,Idriys,Kahane,90,7479595329
0x2833b,Hadad,Caflisch,90,8176113610
0x28387,Payce,Sabatine,90,1450783662
0x28416,Yaella,Caccia,90,7868322135
0x284ed,Yalika,Quaranta,90,5277195036
0x2858c,Yaacov,Abbs,90,5324009753
0x285a0,Idana,Taheri,90,1467864043
0x285a3,Pankaj,Taillon,90,5641864442
0x28657,Yardlee,Eagar,90,9647785314
0x28686,Pankaj,Qasim,90,2318849443
0x286d0,Taras,Eastwood,90,6589603775
0x286dd,Badin,Eatherton,90,7971935931
0x287b0,Ianthe,Bach,90,5644561793
0x287b9,Patreece,Mai,90,4797217317
0x288c9,Abbegayle,La Raia,90,9823165105
0x288f5,Bakory,Packard,90,1166886618
0x28948,Abhijit,La Monica,90,9158259307
0x28972,Achanti,MacAuley,90,7610582933
0x289ae,Yash,Eacret,90,6052073187
0x289c1,Jaey,MacNair,90,9834323687
0x28b07,Yadira,Machak,90,4979040867
0x28b30,Ilon,Padrick,90,8606482771
0x28b4b,Yapheth,Eagleson,90,7968939997
0x28b97,Bali,Bacchi,90,8800050356
0x28ba7,Abednego,Caito,90,5382207762
0x28bea,Baiyard,Panasuk,90,1851904492
0x28c58,Yakara,Panas,90,3007930901
0x28c67,Haizella,Quarto,90,9899933761
0x28e16,Yasin,Edelen,90,5631331246
0x28e8c,Nafuna,Baccari,90,9805173358
0x28ed8,Pamilla,Ables,90,3213532901
0x28efc,Ida,Eaglin,90,9364047028
0x28f94,Jabez,Palmieri,90,6621936884
0x28fb0,Hallam,MacLaren,90,2169857145
0x29021,Parvani,Earnst,90,3940240502
0x29063,Jadee,Quell,90,8057262243
0x2908b,Yerusha,Saari,90,9151911173
0x290ab,Jabir,Query,90,4403312272
0x290fd,Abiba,Cadenhead,90,1952762946
0x2911a,Nakia,Quarles,90,9233950027
0x29234,Haddad,Quarry,90,8957854374
0x292b5,Abby,Kaitz,90,1058720990
0x29501,Aarron,Kahmann,90,1634424465
0x29516,Adailia,Tabora,90,7499007992
0x29518,Nafuna,Eavenson,90,8631987064
0x295af,Jahmie,Uebelacker,90,6928305426
0x29685,Page,Kairis,90,2120982331
0x29717,Natale,Kahana,90,2061496146
0x29752,Badan,Eakle,90,8373414709
0x29811,Parke,Calabria,90,4284756548
0x29879,Ada,Laba,90,2053175260
0x298ac,Panndora,Abeles,90,8322050103
0x298f1,Idarine,Pamer,90,4599923732
0x29971,Taddeo,Saarela,90,7156817395
0x29b75,Tariq,Ecton,90,7860904587
0x29c4b,Ilon,Radack,90,3291785211
0x29ca6,Nando,Ulman,90,3826012947
0x29cff,Hannya,Ueland,90,4393643315
0x29d9b,Yama,Eastwood,90,4176095435
0x29dd7,Garnetah,Sacchi,90,8905841413
0x29e53,Tally,Edwardsen,90,8981330437
0x29ef0,Halli,Mahlke,90,4111503833
0x29efd,Imre,Macker,90,3960836310
0x29f2b,Jaciel,Caldarelli,90,2398205114
0x29f81,Abednego,Radde,90,6766962203
0x29fcd,Nasser,Machin,90,2370270287
0x29fdd,Jadae,Paduano,90,4630059607
0x2a047,Nataraj,Abdou,90,7937614235
0x2a107,Ada,Abdullah,90,1099320516
0x2a182,Babettah,Edgley,90,5201161113
0x2a18b,Ganesh,Quall,90,8261222473
0x2a191,Jadee,Kahoun,90,7548845758
0x2a250,Barby,Edes,90,2620049764
